addr	name	start_line	end_line	size_lines	emit32_calls	named_from_assert	assert_functions	ret
0x0	entry	5	33	29	0	no		void
0x8000000260ec	FUN_8000000260ec	34	42	9	0	no		undefined1 [16]
0x800000026110	FUN_800000026110	43	53	11	0	no		void
0x80000002611c	FUN_80000002611c	54	64	11	0	no		undefined1 [16]
0x800000026168	FUN_800000026168	65	202	138	0	no		undefined1 [16]
0x800000026204	FUN_800000026204	203	211	9	0	no		void
0x800000026218	FUN_800000026218	212	220	9	0	no		void
0x800000026294	FUN_800000026294	221	234	14	0	no		undefined1 [16]
0x800000026300	FUN_800000026300	235	473	239	0	no		long
0x8000000263a0	FUN_8000000263a0	474	587	114	0	no		long
0x800000026430	FUN_800000026430	588	821	234	0	no		long
0x800000026530	FUN_800000026530	822	937	116	0	no		long
0x8000000265b0	FUN_8000000265b0	938	952	15	0	no		undefined4
0x8000000265c8	FUN_8000000265c8	953	969	17	0	no		undefined4
0x8000000265f0	FUN_8000000265f0	970	1227	258	0	no		long
0x800000026720	FUN_800000026720	1228	1317	90	0	no		void
0x8000000267a0	FUN_8000000267a0	1318	1415	98	0	no		void
0x8000000268b0	FUN_8000000268b0	1416	1437	22	0	no		ulong
0x8000000268f0	FUN_8000000268f0	1438	1680	243	0	no		void
0x800000026b94	FUN_800000026b94	1681	1693	13	0	no		ulong
0x800000026bc0	FUN_800000026bc0	1694	1706	13	0	no		ulong
0x800000026bec	FUN_800000026bec	1707	1719	13	0	no		ulong
0x800000026c00	FUN_800000026c00	1720	1739	20	0	no		undefined1 [16]
0x800000026c18	FUN_800000026c18	1740	1752	13	0	no		ulong
0x800000026c2c	FUN_800000026c2c	1753	1772	20	0	no		undefined1 [16]
0x800000026c44	FUN_800000026c44	1773	1785	13	0	no		ulong
0x800000026cb0	FUN_800000026cb0	1786	1805	20	0	no		undefined1 [16]
0x800000026cdc	FUN_800000026cdc	1806	1825	20	0	no		undefined1 [16]
0x800000026d08	FUN_800000026d08	1826	1845	20	0	no		undefined1 [16]
0x800000026d34	FUN_800000026d34	1846	1865	20	0	no		undefined1 [16]
0x800000026d60	FUN_800000026d60	1866	1885	20	0	no		undefined1 [16]
0x800000026d78	FUN_800000026d78	1886	1898	13	0	no		ulong
0x800000026d8c	FUN_800000026d8c	1899	1918	20	0	no		undefined1 [16]
0x800000026da4	FUN_800000026da4	1919	1931	13	0	no		ulong
0x800000026db8	FUN_800000026db8	1932	1951	20	0	no		undefined1 [16]
0x800000026de4	FUN_800000026de4	1952	1971	20	0	no		undefined1 [16]
0x800000026e10	FUN_800000026e10	1972	1991	20	0	no		undefined1 [16]
0x800000026e3c	FUN_800000026e3c	1992	2011	20	0	no		undefined1 [16]
0x800000026e54	FUN_800000026e54	2012	2024	13	0	no		ulong
0x800000026e94	FUN_800000026e94	2025	2044	20	0	no		undefined1 [16]
0x800000026eac	FUN_800000026eac	2045	2057	13	0	no		ulong
0x800000026eec	FUN_800000026eec	2058	2077	20	0	no		undefined1 [16]
0x800000026f18	FUN_800000026f18	2078	2097	20	0	no		undefined1 [16]
0x800000026f44	FUN_800000026f44	2098	2117	20	0	no		undefined1 [16]
0x800000026f70	FUN_800000026f70	2118	2137	20	0	no		undefined1 [16]
0x800000026f9c	FUN_800000026f9c	2138	2157	20	0	no		undefined1 [16]
0x800000026fb4	FUN_800000026fb4	2158	2170	13	0	no		ulong
0x800000026ff4	FUN_800000026ff4	2171	2190	20	0	no		undefined1 [16]
0x800000027020	FUN_800000027020	2191	2210	20	0	no		undefined1 [16]
0x800000027038	FUN_800000027038	2211	2223	13	0	no		ulong
0x80000002704c	FUN_80000002704c	2224	2243	20	0	no		undefined1 [16]
0x800000027078	FUN_800000027078	2244	2263	20	0	no		undefined1 [16]
0x8000000270a4	FUN_8000000270a4	2264	2283	20	0	no		undefined1 [16]
0x8000000270bc	FUN_8000000270bc	2284	2296	13	0	no		ulong
0x8000000270e8	FUN_8000000270e8	2297	2309	13	0	no		ulong
0x800000027128	FUN_800000027128	2310	2329	20	0	no		undefined1 [16]
0x800000027140	FUN_800000027140	2330	2342	13	0	no		ulong
0x800000027154	FUN_800000027154	2343	2362	20	0	no		undefined1 [16]
0x8000000271ac	FUN_8000000271ac	2363	2382	20	0	no		undefined1 [16]
0x8000000271d8	FUN_8000000271d8	2383	2402	20	0	no		undefined1 [16]
0x800000027204	FUN_800000027204	2403	2422	20	0	no		undefined1 [16]
0x800000027230	FUN_800000027230	2423	2442	20	0	no		undefined1 [16]
0x80000002725c	FUN_80000002725c	2443	2462	20	0	no		undefined1 [16]
0x800000027288	FUN_800000027288	2463	2482	20	0	no		undefined1 [16]
0x8000000272a0	FUN_8000000272a0	2483	2495	13	0	no		ulong
0x8000000272e0	FUN_8000000272e0	2496	2515	20	0	no		undefined1 [16]
0x8000000272f8	FUN_8000000272f8	2516	2528	13	0	no		ulong
0x80000002730c	FUN_80000002730c	2529	2548	20	0	no		undefined1 [16]
0x800000027338	FUN_800000027338	2549	2568	20	0	no		undefined1 [16]
0x800000027364	FUN_800000027364	2569	2588	20	0	no		undefined1 [16]
0x80000002737c	FUN_80000002737c	2589	2601	13	0	no		ulong
0x800000027390	FUN_800000027390	2602	2621	20	0	no		undefined1 [16]
0x8000000273bc	FUN_8000000273bc	2622	2641	20	0	no		undefined1 [16]
0x8000000273e8	FUN_8000000273e8	2642	2661	20	0	no		undefined1 [16]
0x800000027414	FUN_800000027414	2662	2681	20	0	no		undefined1 [16]
0x80000002742c	FUN_80000002742c	2682	2694	13	0	no		ulong
0x800000027458	FUN_800000027458	2695	2707	13	0	no		ulong
0x80000002746c	FUN_80000002746c	2708	2727	20	0	no		undefined1 [16]
0x800000027484	FUN_800000027484	2728	2740	13	0	no		ulong
0x800000027498	FUN_800000027498	2741	2760	20	0	no		undefined1 [16]
0x8000000274b0	FUN_8000000274b0	2761	2773	13	0	no		ulong
0x8000000274f0	FUN_8000000274f0	2774	2793	20	0	no		undefined1 [16]
0x80000002751c	FUN_80000002751c	2794	2813	20	0	no		undefined1 [16]
0x800000027534	FUN_800000027534	2814	2826	13	0	no		ulong
0x800000027548	FUN_800000027548	2827	2846	20	0	no		undefined1 [16]
0x800000027574	FUN_800000027574	2847	2866	20	0	no		undefined1 [16]
0x8000000275a0	FUN_8000000275a0	2867	2886	20	0	no		undefined1 [16]
0x8000000275b8	FUN_8000000275b8	2887	2899	13	0	no		ulong
0x8000000275e4	FUN_8000000275e4	2900	2912	13	0	no		ulong
0x800000027610	FUN_800000027610	2913	2925	13	0	no		ulong
0x800000027650	FUN_800000027650	2926	2945	20	0	no		undefined1 [16]
0x80000002767c	FUN_80000002767c	2946	2965	20	0	no		undefined1 [16]
0x800000027694	FUN_800000027694	2966	2978	13	0	no		ulong
0x8000000276d4	FUN_8000000276d4	2979	2998	20	0	no		undefined1 [16]
0x8000000276ec	FUN_8000000276ec	2999	3011	13	0	no		ulong
0x800000027718	FUN_800000027718	3012	3024	13	0	no		ulong
0x800000027758	FUN_800000027758	3025	3044	20	0	no		undefined1 [16]
0x800000027784	FUN_800000027784	3045	3064	20	0	no		undefined1 [16]
0x8000000277b0	FUN_8000000277b0	3065	3084	20	0	no		undefined1 [16]
0x8000000277c8	FUN_8000000277c8	3085	3097	13	0	no		ulong
0x8000000277dc	FUN_8000000277dc	3098	3117	20	0	no		undefined1 [16]
0x800000027808	FUN_800000027808	3118	3137	20	0	no		undefined1 [16]
0x800000027834	FUN_800000027834	3138	3157	20	0	no		undefined1 [16]
0x800000027860	FUN_800000027860	3158	3177	20	0	no		undefined1 [16]
0x800000027878	FUN_800000027878	3178	3190	13	0	no		ulong
0x8000000278a4	FUN_8000000278a4	3191	3201	11	0	no		void
0x8000000278b8	FUN_8000000278b8	3202	3210	9	0	no		undefined4
0x8000000278c4	FUN_8000000278c4	3211	3401	191	5	yes	gpr_to_num,gpr_to_num_sp	void
0x800000027cf8	FUN_800000027cf8	3402	3588	187	5	yes	gpr_to_num,gpr_to_num_sp	void
0x8000000280d0	FUN_8000000280d0	3589	3644	56	2	yes	gpr_to_num,gpr_to_num_sp	void
0x80000002821c	FUN_80000002821c	3645	3738	94	4	yes	gpr_to_num	void
0x800000028410	FUN_800000028410	3739	3776	38	1	yes	gpr_to_num	void
0x8000000284d4	FUN_8000000284d4	3777	3834	58	2	yes	gpr_to_num	void
0x80000002861c	FUN_80000002861c	3835	3856	22	1	yes	gpr_to_num	void
0x800000028684	FUN_800000028684	3857	3876	20	1	yes	gpr_to_num	void
0x8000000286e0	FUN_8000000286e0	3877	3896	20	1	yes	gpr_to_num	void
0x800000028738	FUN_800000028738	3897	3985	89	3	yes	gpr_to_num,gpr_to_num_sp	void
0x800000028970	FUN_800000028970	3986	4095	110	3	yes	gpr_to_num,gpr_to_num_sp,ldp_post	void
0x800000028c04	FUN_800000028c04	4096	4109	14	1	yes	gpr_to_num	void
0x800000028c50	FUN_800000028c50	4110	4236	127	3	yes	gpr_to_num,gpr_to_num_sp,ldr_post	void
0x800000028f00	FUN_800000028f00	4237	4250	14	0	no		void
0x800000028f70	FUN_800000028f70	4251	4308	58	2	yes	gpr_to_num	void
0x8000000290c8	FUN_8000000290c8	4309	4398	90	2	yes	gpr_to_num,gpr_to_num_sp	void
0x800000029308	FUN_800000029308	4399	4413	15	1	yes	gpr_to_num	void
0x800000029364	FUN_800000029364	4414	4438	25	1	yes	gpr_to_num	void
0x8000000293d0	FUN_8000000293d0	4439	4458	20	1	yes	gpr_to_num	void
0x800000029428	FUN_800000029428	4459	4568	110	2	yes	gpr_to_num,shl_vec,stp_pre	void
0x8000000296f8	FUN_8000000296f8	4569	4606	38	1	yes	gpr_to_num,gpr_to_num_sp,str_pre	void
0x8000000297e4	FUN_8000000297e4	4607	4626	20	1	yes	gpr_to_num,smov_64	void
0x800000029878	FUN_800000029878	4627	4642	16	1	yes	gpr_to_num	void
0x8000000298d8	FUN_8000000298d8	4643	4692	50	1	yes	gpr_to_num	void
0x800000029a00	FUN_800000029a00	4693	4712	20	1	yes	ushr_vec	void
0x800000029a80	FUN_800000029a80	4713	4726	14	1	yes	gpr_to_num	void
0x800000029ad0	FUN_800000029ad0	4727	4745	19	0	yes	repatch_branch_26	void
0x800000029b38	FUN_800000029b38	4746	4777	32	0	no		void
0x800000029ba8	FUN_800000029ba8	4778	5197	420	0	yes	effects_for_instruction	undefined1 [16]
0x80000002a500	FUN_80000002a500	5198	5257	60	0	yes	fixup_absolute	void
0x80000002a62c	FUN_80000002a62c	5258	5287	30	0	no		void
0x80000002a6bc	FUN_80000002a6bc	5288	5366	79	0	yes	is_bitmask_immediate	undefined8
0x80000002a810	FUN_80000002a810	5367	5438	72	0	no		undefined8
0x80000002a974	FUN_80000002a974	5439	5469	31	0	no		uint *
0x80000002a9d8	FUN_80000002a9d8	5470	5568	99	0	no		void
0x80000002aba0	FUN_80000002aba0	5569	5605	37	0	no		void
0x80000002ac58	FUN_80000002ac58	5606	5755	150	0	yes	condition_code_to_string,segment_register_to_string	void
0x80000002afb4	FUN_80000002afb4	5756	6702	947	0	no		ulong *
0x80000002b5bc	FUN_80000002b5bc	6703	6805	103	0	no		void
0x80000002b77c	FUN_80000002b77c	6806	7019	214	0	no		undefined8
0x80000002ba70	FUN_80000002ba70	7020	7124	105	0	no		uint
0x80000002bc24	FUN_80000002bc24	7125	7181	57	0	no		void
0x80000002bd18	FUN_80000002bd18	7182	7215	34	0	no		ulong
0x80000002bd9c	FUN_80000002bd9c	7216	7253	38	0	no		int
0x80000002be28	FUN_80000002be28	7254	7304	51	0	no		void
0x80000002bee4	FUN_80000002bee4	7305	7340	36	0	no		void
0x80000002bf60	FUN_80000002bf60	7341	7644	304	0	yes	create_fake_cpuinfo_file,get_argv_skip_for_other_rosetta,is_rosetta_process,number_of_processors,open_auxv_tmp	void
0x80000002c750	FUN_80000002c750	7645	7678	34	0	yes	create_tempfile	ulong
0x80000002c824	FUN_80000002c824	7679	7741	63	0	yes	was_rosetta_process_invoked_directly	bool
0x80000002c9a4	FUN_80000002c9a4	7742	7757	16	0	no		void
0x80000002c9f8	FUN_80000002c9f8	7758	7826	69	0	no		void
0x80000002cb88	FUN_80000002cb88	7827	7842	16	0	no		void
0x80000002cbdc	FUN_80000002cbdc	7843	7858	16	0	no		void
0x80000002cc20	FUN_80000002cc20	7859	7896	38	0	yes	fcntl	ulong
0x80000002cce4	FUN_80000002cce4	7897	8014	118	0	yes	find_parent_for_insertion_no_duplicates	long
0x80000002cf48	FUN_80000002cf48	8015	8028	14	0	no		undefined8
0x80000002cfa4	FUN_80000002cfa4	8029	8128	100	0	no		void
0x80000002d140	FUN_80000002d140	8129	8162	34	0	yes	find_parent_for_insertion_no_duplicates	long
0x80000002d1b8	FUN_80000002d1b8	8163	8304	142	0	no		void
0x80000002d3f8	FUN_80000002d3f8	8305	8352	48	0	no		void
0x80000002d480	FUN_80000002d480	8353	8399	47	0	no		void
0x80000002d50c	FUN_80000002d50c	8400	8435	36	0	yes	operator()	void
0x80000002d5ec	FUN_80000002d5ec	8436	8478	43	0	yes	operator()	void
0x80000002d6e8	FUN_80000002d6e8	8479	8757	279	0	no		void
0x80000002db18	FUN_80000002db18	8758	8769	12	0	no		void
0x80000002db70	FUN_80000002db70	8770	8798	29	0	yes	is_thread_alive	bool
0x80000002dbf8	FUN_80000002dbf8	8799	8895	97	0	yes	request_suspend,suspend_all_threads	void
0x80000002de30	FUN_80000002de30	8896	8931	36	0	no		void
0x80000002df08	FUN_80000002df08	8932	8951	20	0	no		void
0x80000002df58	FUN_80000002df58	8952	8968	17	0	no		void
0x80000002df8c	FUN_80000002df8c	8969	9136	168	0	yes	register_thread_context	void
0x80000002e360	FUN_80000002e360	9137	9155	19	0	yes	request_suspend_no_signal	void
0x80000002e3dc	FUN_80000002e3dc	9156	9173	18	0	no		void
0x80000002e428	FUN_80000002e428	9174	9200	27	0	yes	resume	void
0x80000002e4b4	FUN_80000002e4b4	9201	9216	16	0	no		void
0x80000002e50c	FUN_80000002e50c	9217	9296	80	0	no		ulong
0x80000002e700	FUN_80000002e700	9297	9546	250	0	yes	handle_jit_breakpoint,handle_runtime_breakpoints,operator()	undefined8
0x80000002edb8	FUN_80000002edb8	9547	9704	158	0	yes	brk_inst_to_kind,translate_sigtrap	undefined8
0x80000002f0f0	FUN_80000002f0f0	9705	10197	493	0	yes	esr_context_from_extended_state,mremap,remap,runtime_signal_handler	undefined1 [16]
0x80000002fc8c	FUN_80000002fc8c	10198	10233	36	0	no		undefined1 [16]
0x80000002fd88	FUN_80000002fd88	10234	10284	51	0	no		undefined1 [16]
0x80000002ff0c	FUN_80000002ff0c	10285	10379	95	0	no		undefined1 [16]
0x80000003007c	FUN_80000003007c	10380	10504	125	0	yes	remove_shared_mem	undefined1 [16]
0x800000030314	FUN_800000030314	10505	10543	39	0	yes	io_setup	undefined1 [16]
0x8000000303ec	FUN_8000000303ec	10544	11451	908	0	yes	calculate_slab_allocator_size,get_vdso_dynsym_shdr,get_vdso_elf_header,get_vdso_load_offset,get_vdso_strtab,init_signal_mask_from_kernel,init_vm_allocation_tracker_from_procmaps,io_destroy	undefined1 [16]
0x800000031b30	FUN_800000031b30	11452	11469	18	0	no		void
0x800000031b88	FUN_800000031b88	11470	11484	15	0	no		void
0x800000031be0	FUN_800000031be0	11485	11580	96	0	no		void
0x800000031d4c	FUN_800000031d4c	11581	11590	10	0	no		void
0x800000031d64	FUN_800000031d64	11591	11634	44	0	no		void
0x800000031e04	FUN_800000031e04	11635	11688	54	0	yes	initialize_function_table_entry	void
0x800000031f20	FUN_800000031f20	11689	11730	42	0	no		ulong
0x800000032040	FUN_800000032040	11731	11771	41	0	yes	before_clone_thread	long
0x800000032134	FUN_800000032134	11772	11782	11	0	no		void
0x80000003215c	FUN_80000003215c	11783	11798	16	0	no		void
0x8000000321b0	FUN_8000000321b0	11799	12091	293	0	yes	clone_process	void
0x800000032734	FUN_800000032734	12092	12113	22	0	no		void
0x80000003279c	FUN_80000003279c	12114	12217	104	0	no		undefined1 [16]
0x800000032984	FUN_800000032984	12218	12261	44	0	yes	alarm	undefined1 [16]
0x800000032a1c	FUN_800000032a1c	12262	12311	50	0	no		void
0x800000032b0c	FUN_800000032b0c	12312	12332	21	0	no		void
0x800000032b74	FUN_800000032b74	12333	12363	31	0	no		void
0x800000032bf4	FUN_800000032bf4	12364	12379	16	0	no		void
0x800000032c38	FUN_800000032c38	12380	12441	62	0	no		void
0x800000032cfc	FUN_800000032cfc	12442	12452	11	0	no		void
0x800000032d6c	FUN_800000032d6c	12453	12466	14	0	no		undefined1 [16]
0x800000032d88	FUN_800000032d88	12467	12483	17	0	no		undefined1 [16]
0x800000032dd8	FUN_800000032dd8	12484	12506	23	0	no		undefined1 [16]
0x800000032e24	FUN_800000032e24	12507	12628	122	0	no		undefined1 [16]
0x800000033060	FUN_800000033060	12629	12637	9	0	no		void
0x800000033064	FUN_800000033064	12638	12646	9	0	no		void
0x800000033068	FUN_800000033068	12647	12660	14	0	no		void
0x8000000330ac	FUN_8000000330ac	12661	12671	11	0	no		void
0x8000000330c4	FUN_8000000330c4	12672	12680	9	0	no		void
0x8000000330c8	FUN_8000000330c8	12681	12689	9	0	no		void
0x8000000330cc	FUN_8000000330cc	12690	12727	38	0	no		void
0x800000033170	FUN_800000033170	12728	12763	36	0	no		void
0x8000000331fc	FUN_8000000331fc	12764	12786	23	0	yes	is_valid_x86_thread	undefined8
0x800000033260	FUN_800000033260	12787	12827	41	0	no		void
0x8000000332f4	FUN_8000000332f4	12828	12839	12	0	no		void
0x800000033330	FUN_800000033330	12840	12868	29	0	no		void
0x8000000333b0	FUN_8000000333b0	12869	12888	20	0	no		uint
0x8000000333f4	FUN_8000000333f4	12889	12956	68	0	no		long
0x8000000335c4	FUN_8000000335c4	12957	12972	16	0	no		uint
0x8000000335f4	FUN_8000000335f4	12973	13003	31	0	no		uint
0x800000033688	FUN_800000033688	13004	13024	21	0	no		undefined1 [16]
0x8000000336e8	FUN_8000000336e8	13025	13038	14	0	no		void
0x800000033714	FUN_800000033714	13039	13090	52	0	no		undefined1 [16]
0x800000033814	FUN_800000033814	13091	13105	15	0	yes	translate_indirect_branch	void
0x800000033860	FUN_800000033860	13106	13130	25	0	yes	branch_slot_miss	undefined8
0x800000033900	FUN_800000033900	13131	13146	16	0	no		void
0x800000033920	FUN_800000033920	13147	13211	65	0	yes	iterate_fragments_in_x86_interval_holding_lock	void
0x800000033a68	FUN_800000033a68	13212	13364	153	0	yes	request_evict	void
0x800000033dc4	FUN_800000033dc4	13365	13386	22	0	no		undefined8
0x800000033e60	FUN_800000033e60	13387	14058	672	0	yes	remove_aot_fragments,remove_fragment	undefined8
0x800000034948	FUN_800000034948	14059	14085	27	0	no		void
0x80000003498c	FUN_80000003498c	14086	14100	15	0	yes	set_pointer	void
0x8000000349d8	FUN_8000000349d8	14101	14159	59	0	yes	remove_arm_tree_only_translation	void
0x800000034b64	FUN_800000034b64	14160	14215	56	0	yes	operator()	void
0x800000034cdc	FUN_800000034cdc	14216	14242	27	0	no		void
0x800000034d7c	FUN_800000034d7c	14243	14257	15	0	no		undefined8
0x800000034da8	FUN_800000034da8	14258	15960	1703	7	yes	DeltaCodedOffsetMapWriter,TwoLevelOffsetMapWriter,apply_fixups,condition_code_to_string,instruction_offsets,jit_translation_for_x86_address,move_vector,opcode_to_string,print,swap_permissions,translate	long
0x800000037578	FUN_800000037578	15961	15979	19	0	no		void
0x8000000375e4	FUN_8000000375e4	15980	16029	50	0	no		undefined8 *
0x800000037714	FUN_800000037714	16030	16226	197	0	no		void
0x800000037964	FUN_800000037964	16227	16387	161	0	no		void
0x800000037be4	FUN_800000037be4	16388	16487	100	0	yes	find_translation_in_tree_x86	void
0x8000000383e4	FUN_8000000383e4	16488	16598	111	0	no		undefined8
0x8000000385d0	FUN_8000000385d0	16599	16629	31	0	no		void
0x800000038668	FUN_800000038668	16630	16659	30	0	no		void
0x8000000386fc	FUN_8000000386fc	16660	16700	41	0	yes	finish_block	void
0x8000000387bc	FUN_8000000387bc	16701	16723	23	0	no		void
0x80000003880c	FUN_80000003880c	16724	16812	89	0	yes	block_for_offset	ulong
0x8000000389b4	FUN_8000000389b4	16813	16824	12	0	no		void
0x800000038ae4	FUN_800000038ae4	16825	16857	33	0	no		long
0x800000038b38	FUN_800000038b38	16858	16898	41	0	yes	branch_target_from_operand	undefined1 [16]
0x800000038c04	FUN_800000038c04	16899	16955	57	0	no		undefined8 *
0x800000038cf0	FUN_800000038cf0	16956	17162	207	0	no		void
0x800000039074	FUN_800000039074	17163	17206	44	0	no		undefined8
0x8000000390fc	FUN_8000000390fc	17207	17243	37	0	no		ulong
0x80000003918c	FUN_80000003918c	17244	17288	45	0	no		ulong
0x800000039248	FUN_800000039248	17289	17374	86	0	no		uint
0x8000000393b0	FUN_8000000393b0	17375	17406	32	0	no		undefined8
0x800000039428	FUN_800000039428	17407	17457	51	0	no		void
0x800000039528	FUN_800000039528	17458	18851	1394	30	yes	add_branch_island_if_necessary,append_zero_fill,operand_size_to_mem_size,translate_block,translate_call_single_step,translate_indirect_jmp_dyld_stub,translate_jcc,translate_jcc_single_step,translate_jcxz,translate_jcxz_single_step,translate_loop,translate_loop_single_step,translate_terminator_single_step	undefined8
0x80000003b908	FUN_80000003b908	18852	18905	54	0	no		void
0x80000003ba0c	FUN_80000003ba0c	18906	19050	145	0	no		void
0x80000003bcf0	FUN_80000003bcf0	19051	19064	14	0	yes	move_vector	void
0x80000003bd4c	FUN_80000003bd4c	19065	19100	36	0	no		void
0x80000003be04	FUN_80000003be04	19101	19150	50	0	no		void
0x80000003be94	FUN_80000003be94	19151	19215	65	0	yes	add_internal_fixup,repatch_branch_14,repatch_branch_19	void
0x80000003c054	FUN_80000003c054	19216	19239	24	0	no		void
0x80000003c0a4	FUN_80000003c0a4	19240	19290	51	0	no		void
0x80000003c1a4	FUN_80000003c1a4	19291	19483	193	0	yes	rollback,set_size	void
0x80000003c650	FUN_80000003c650	19484	19520	37	0	no		void
0x80000003c6f4	FUN_80000003c6f4	19521	19587	67	0	no		void
0x80000003c87c	FUN_80000003c87c	19588	19619	32	0	yes	allocate	long
0x80000003c95c	FUN_80000003c95c	19620	19660	41	0	no		undefined8
0x80000003c9b8	FUN_80000003c9b8	19661	19702	42	0	yes	allocate_from_node	ulong
0x80000003cac4	FUN_80000003cac4	19703	19986	284	0	no		void
0x80000003ced0	FUN_80000003ced0	19987	20265	279	0	no		void
0x80000003d300	FUN_80000003d300	20266	20390	125	0	no		void
0x80000003d514	FUN_80000003d514	20391	20415	25	0	yes	runtime_routines_for_address	long
0x80000003d5b8	FUN_80000003d5b8	20416	20449	34	0	no		void
0x80000003d648	FUN_80000003d648	20450	20718	269	0	yes	abi_info_for_runtime_routines_address	void
0x80000003db4c	FUN_80000003db4c	20719	20819	101	0	no		void
0x80000003de3c	FUN_80000003de3c	20820	20853	34	0	no		void
0x80000003defc	FUN_80000003defc	20854	20877	24	0	no		void
0x80000003df68	FUN_80000003df68	20878	20931	54	0	no		undefined1 [16]
0x80000003dff8	FUN_80000003dff8	20932	20970	39	0	no		undefined1
0x80000003e06c	FUN_80000003e06c	20971	21067	97	0	yes	operator()	undefined8
0x80000003e2c4	FUN_80000003e2c4	21068	21077	10	0	no		undefined8
0x80000003e2d8	FUN_80000003e2d8	21078	21106	29	0	no		undefined1
0x80000003e37c	FUN_80000003e37c	21107	22624	1518	0	yes	process_call,process_jcc,process_jcxz,process_loop	bool
0x800000040650	FUN_800000040650	22625	22662	38	0	no		void
0x80000004077c	FUN_80000004077c	22663	22677	15	0	yes	set_nzcv	void
0x8000000407cc	FUN_8000000407cc	22678	22974	297	0	yes	guest_gpr_state_from_host_state	void
0x800000040ea4	FUN_800000040ea4	22975	23012	38	0	no		undefined1 [16]
0x800000040f24	FUN_800000040f24	23013	23716	704	0	yes	check_cfg,determine_loop_properties,determine_state_recovery_action,interpret,interpret_branch_reg,interpret_loadlit,interpret_systemmove,move_to_instruction_boundary	ulong
0x800000041e4c	FUN_800000041e4c	23717	23805	89	0	yes	host_gpr_state_from_guest_state	void
0x8000000420d4	FUN_8000000420d4	23806	23861	56	0	no		void
0x8000000421ec	FUN_8000000421ec	23862	23907	46	0	no		void
0x800000042324	FUN_800000042324	23908	23920	13	0	no		undefined1 [16]
0x800000042330	FUN_800000042330	23921	23967	47	0	no		void
0x8000000423f8	FUN_8000000423f8	23968	24176	209	0	yes	rt_sigprocmask	void
0x8000000427c0	FUN_8000000427c0	24177	24248	72	0	yes	rt_sigreturn	void
0x800000042a20	FUN_800000042a20	24249	24428	180	0	yes	arm_fpr_state_from_extended_state,deliver_signal,sigaddset	void
0x800000042ebc	FUN_800000042ebc	24429	24456	28	0	no		undefined1 [16]
0x800000042f44	FUN_800000042f44	24457	24488	32	0	yes	sa_sigaction_handler	void
0x800000043164	FUN_800000043164	24489	24588	100	0	no		undefined1 [16]
0x800000043278	FUN_800000043278	24589	24615	27	0	no		bool
0x8000000432fc	FUN_8000000432fc	24616	24647	32	0	no		ulong
0x80000004336c	FUN_80000004336c	24648	24674	27	0	yes	get_arm_gpr_state	void
0x8000000433fc	FUN_8000000433fc	24675	24707	33	0	yes	get_arm_fpr_state	void
0x8000000434c8	FUN_8000000434c8	24708	24728	21	0	no		void
0x800000043528	FUN_800000043528	24729	24761	33	0	yes	convert_arm_neon_state64_to_user_fpsimd	void
0x8000000435fc	FUN_8000000435fc	24762	24771	10	0	no		void
0x800000043608	FUN_800000043608	24772	24850	79	0	yes	handle_H_packet	void
0x8000000437c4	FUN_8000000437c4	24851	24869	19	0	yes	handle_last_signal_packet	void
0x800000043828	FUN_800000043828	24870	24976	107	0	no		void
0x800000043aa8	FUN_800000043aa8	24977	24986	10	0	no		void
0x800000043ab4	FUN_800000043ab4	24987	24996	10	0	no		void
0x800000043ac0	FUN_800000043ac0	24997	25006	10	0	no		void
0x800000043ad0	FUN_800000043ad0	25007	25019	13	0	no		void
0x800000043ae8	FUN_800000043ae8	25020	25292	273	0	yes	handle_g_packet,x86_regstate_to_string	void
0x800000044258	FUN_800000044258	25293	25348	56	0	no		void
0x800000044398	FUN_800000044398	25349	25479	131	0	no		void
0x800000044548	FUN_800000044548	25480	26311	832	0	yes	handle_p_packet,x86_fpr_to_string,x86_gpr_to_string	void
0x800000045810	FUN_800000045810	26312	26654	343	0	yes	handle_P_packet,host_fpr_state_from_guest_state,write_fpr_register,write_gpr_register	void
0x800000046064	FUN_800000046064	26655	26763	109	0	yes	handle_memory_read_packet	void
0x800000046328	FUN_800000046328	26764	26898	135	0	yes	handle_M_packet	void
0x8000000465ec	FUN_8000000465ec	26899	26908	10	0	no		void
0x8000000465f8	FUN_8000000465f8	26909	26928	20	0	no		void
0x800000046658	FUN_800000046658	26929	26951	23	0	no		void
0x8000000466e8	FUN_8000000466e8	26952	27070	119	0	yes	continue_all_threads	void
0x800000046a34	FUN_800000046a34	27071	27088	18	0	yes	push_back	void
0x800000046a88	FUN_800000046a88	27089	27098	10	0	no		void
0x800000046a90	FUN_800000046a90	27099	27233	135	0	yes	handle_vCont_packet	void
0x800000046df0	FUN_800000046df0	27234	27250	17	0	no		void
0x800000046e40	FUN_800000046e40	27251	27291	41	0	no		void
0x800000046e98	FUN_800000046e98	27292	27323	32	0	no		void
0x800000046ea8	FUN_800000046ea8	27324	27351	28	0	no		void
0x800000046f14	FUN_800000046f14	27352	27361	10	0	no		void
0x800000046f20	FUN_800000046f20	27362	27468	107	0	yes	enable_watchpoint	void
0x800000047174	FUN_800000047174	27469	27489	21	0	no		void
0x8000000471dc	FUN_8000000471dc	27490	27520	31	0	no		void
0x800000047284	FUN_800000047284	27521	27586	66	0	yes	disable_watchpoint	undefined4
0x8000000473b0	FUN_8000000473b0	27587	27625	39	0	no		void
0x80000004749c	FUN_80000004749c	27626	27689	64	0	no		void
0x800000047678	FUN_800000047678	27690	27701	12	0	no		void
0x8000000476ac	FUN_8000000476ac	27702	27723	22	0	no		void
0x800000047700	FUN_800000047700	27724	27916	193	0	yes	GDBServer,restore_entry_point_instruction	void
0x800000047b84	FUN_800000047b84	27917	27937	21	0	yes	convert_to_gdb_signal	ulong
0x800000047bf0	FUN_800000047bf0	27938	28049	112	0	yes	convert_gdb_to_sys_signal	int
0x800000047ce8	FUN_800000047ce8	28050	28085	36	0	yes	check_if_thread_in_runtime,push_back	void
0x800000047de4	FUN_800000047de4	28086	28294	209	0	yes	operator()	void
0x800000048348	FUN_800000048348	28295	28382	88	0	yes	report_watchpoint	void
0x800000048638	FUN_800000048638	28383	28444	62	0	no		void
0x800000048754	FUN_800000048754	28445	28515	71	0	yes	halt_all_threads_except	void
0x800000048924	FUN_800000048924	28516	28547	32	0	yes	add_pending_watchpoint	void
0x800000048a04	FUN_800000048a04	28548	28562	15	0	yes	push_back	void
0x800000048a74	FUN_800000048a74	28563	28579	17	0	no		uint
0x800000048ac0	FUN_800000048ac0	28580	29081	502	0	yes	compute_wp_start_addr,handle_reportable_signal,handle_signal_stop_requested,handle_sigtrap_and_continue,handle_watchpoint	void
0x8000000496b0	FUN_8000000496b0	29082	29101	20	0	yes	thread_main	void
0x800000049734	FUN_800000049734	29102	29128	27	0	yes	write_hex_string	void
0x8000000497b4	FUN_8000000497b4	29129	29380	252	0	yes	fma_rs,left_shift_128_s	void
0x800000049b80	FUN_800000049b80	29381	29399	19	0	no		ulong
0x800000049c00	FUN_800000049c00	29400	29416	17	0	no		void
0x800000049c4c	FUN_800000049c4c	29417	30499	1083	0	yes	fprem,round_to_float80_rs,unpack_float80	void
0x80000004a2bc	FUN_80000004a2bc	30500	30961	462	0	yes	divide_rs,round_internal_rs,round_to_float80_pc_rs,round_to_float80_rs	undefined1 [16]
0x80000004ad24	FUN_80000004ad24	30962	30974	13	0	no		void
0x80000004ad58	FUN_80000004ad58	30975	30998	24	0	no		void
0x80000004ae70	FUN_80000004ae70	30999	31038	40	0	yes	right_shift_64_rs	void
0x80000004af18	FUN_80000004af18	31039	31229	191	0	no		undefined4
0x80000004b300	FUN_80000004b300	31230	31319	90	0	no		undefined1 [16]
0x80000004b4a8	FUN_80000004b4a8	31320	31355	36	0	no		void
0x80000004b654	FUN_80000004b654	31356	31392	37	0	no		void
0x80000004b7e8	FUN_80000004b7e8	31393	31434	42	0	no		undefined1 [16]
0x80000004b884	FUN_80000004b884	31435	31477	43	0	no		undefined1 [16]
0x80000004b918	FUN_80000004b918	31478	31525	48	0	no		uint
0x80000004ba24	FUN_80000004ba24	31526	31588	63	0	no		void
0x80000004bb7c	FUN_80000004bb7c	31589	32733	1145	0	no		void
0x80000004c248	FUN_80000004c248	32734	32763	30	0	no		void
0x80000004c33c	FUN_80000004c33c	32764	32829	66	0	yes	remove_holding_lock	void
0x80000004c43c	FUN_80000004c43c	32830	33044	215	0	no		void
0x80000004c724	FUN_80000004c724	33045	33146	102	0	yes	Version,insert_if_new	void
0x80000004c944	FUN_80000004c944	33147	33171	25	0	no		void
0x80000004c9cc	FUN_80000004c9cc	33172	33395	224	0	yes	find_instruction_ranges,instruction_extents_for_arm_address,resolve_branch_target	void
0x80000004ce68	FUN_80000004ce68	33396	33435	40	0	yes	push_back	void
0x80000004cf4c	FUN_80000004cf4c	33436	33457	22	1	no		void
0x80000004cfb4	FUN_80000004cfb4	33458	33543	86	21	no		void
0x80000004d2b4	FUN_80000004d2b4	33544	33568	25	0	yes	gpr_operand	ulong
0x80000004d328	FUN_80000004d328	33569	33586	18	0	yes	fpr_operand	ulong
0x80000004d38c	FUN_80000004d38c	33587	34128	542	0	yes	jit_instruction	void
0x80000004e264	FUN_80000004e264	34129	34235	107	0	no		undefined1 [16]
0x80000004e418	FUN_80000004e418	34236	34411	176	0	no		undefined1 [16]
0x80000004e89c	FUN_80000004e89c	34412	34437	26	0	no		uint
0x80000004e8ec	FUN_80000004e8ec	34438	34449	12	0	no		void
0x80000004e910	FUN_80000004e910	34450	34478	29	0	no		void
0x80000004e96c	FUN_80000004e96c	34479	34513	35	0	no		undefined1 [16]
0x80000004ea04	FUN_80000004ea04	34514	34548	35	0	no		undefined1 [16]
0x80000004ea9c	FUN_80000004ea9c	34549	34578	30	0	no		void
0x80000004eb30	FUN_80000004eb30	34579	34611	33	0	no		undefined1 [16]
0x80000004ebc4	FUN_80000004ebc4	34612	34644	33	0	no		undefined1 [16]
0x80000004ec58	FUN_80000004ec58	34645	34672	28	0	no		void
0x80000004ece8	FUN_80000004ece8	34673	34702	30	0	no		void
0x80000004edac	FUN_80000004edac	34703	34732	30	0	no		void
0x80000004ee70	FUN_80000004ee70	34733	34746	14	0	no		void
0x80000004eea0	FUN_80000004eea0	34747	34763	17	0	no		void
0x80000004ef4c	FUN_80000004ef4c	34764	34778	15	0	no		void
0x80000004efa8	FUN_80000004efa8	34779	34927	149	0	yes	convert_to_ieee	uint
0x80000004f2f4	FUN_80000004f2f4	34928	35096	169	0	yes	convert_to_ieee	undefined1 [16]
0x80000004f63c	FUN_80000004f63c	35097	35132	36	0	no		undefined1 [16]
0x80000004f6a0	FUN_80000004f6a0	35133	35165	33	0	no		void
0x80000004f77c	FUN_80000004f77c	35166	35189	24	0	no		void
0x80000004f834	FUN_80000004f834	35190	35202	13	0	no		void
0x80000004f858	FUN_80000004f858	35203	35215	13	0	no		void
0x80000004f87c	FUN_80000004f87c	35216	35254	39	0	no		void
0x80000004f90c	FUN_80000004f90c	35255	35307	53	0	yes	x87_fcom_ST	void
0x80000004fa80	FUN_80000004fa80	35308	35341	34	0	no		void
0x80000004fb68	FUN_80000004fb68	35342	35375	34	0	no		void
0x80000004fc50	FUN_80000004fc50	35376	35464	89	0	yes	x87_fucom	void
0x80000004fe74	FUN_80000004fe74	35465	35523	59	0	no		void
0x80000004ffec	FUN_80000004ffec	35524	35572	49	0	no		void
0x8000000500f8	FUN_8000000500f8	35573	35646	74	0	no		void
0x8000000502ac	FUN_8000000502ac	35647	35683	37	0	no		void
0x80000005036c	FUN_80000005036c	35684	35707	24	0	no		void
0x800000050414	FUN_800000050414	35708	35731	24	0	no		void
0x8000000504bc	FUN_8000000504bc	35732	35769	38	0	no		void
0x8000000505d8	FUN_8000000505d8	35770	35806	37	0	no		void
0x800000050698	FUN_800000050698	35807	35830	24	0	no		void
0x800000050740	FUN_800000050740	35831	35854	24	0	no		void
0x8000000507e8	FUN_8000000507e8	35855	35892	38	0	no		void
0x800000050904	FUN_800000050904	35893	35929	37	0	no		void
0x8000000509c4	FUN_8000000509c4	35930	35953	24	0	no		void
0x800000050a70	FUN_800000050a70	35954	35977	24	0	no		void
0x800000050b1c	FUN_800000050b1c	35978	36015	38	0	no		void
0x800000050c3c	FUN_800000050c3c	36016	36052	37	0	no		void
0x800000050cf8	FUN_800000050cf8	36053	36076	24	0	no		void
0x800000050d9c	FUN_800000050d9c	36077	36100	24	0	no		void
0x800000050e40	FUN_800000050e40	36101	36138	38	0	no		void
0x800000050f58	FUN_800000050f58	36139	36287	149	0	no		void
0x8000000511ec	FUN_8000000511ec	36288	36314	27	0	no		void
0x800000051268	FUN_800000051268	36315	36342	28	0	no		void
0x8000000512ec	FUN_8000000512ec	36343	36379	37	0	no		void
0x8000000513a8	FUN_8000000513a8	36380	36404	25	0	no		void
0x80000005144c	FUN_80000005144c	36405	36429	25	0	no		void
0x8000000514f0	FUN_8000000514f0	36430	36467	38	0	no		void
0x800000051608	FUN_800000051608	36468	36504	37	0	no		void
0x8000000516c4	FUN_8000000516c4	36505	36529	25	0	no		void
0x80000005176c	FUN_80000005176c	36530	36554	25	0	no		void
0x800000051814	FUN_800000051814	36555	36592	38	0	no		void
0x800000051930	FUN_800000051930	36593	36768	176	0	no		void
0x800000051e90	FUN_800000051e90	36769	36931	163	0	no		void
0x800000052440	FUN_800000052440	36932	37019	88	0	no		void
0x800000052748	FUN_800000052748	37020	37164	145	0	yes	sqrt_rs	void
0x800000052c14	FUN_800000052c14	37165	37255	91	0	no		void
0x800000052e58	FUN_800000052e58	37256	37365	110	0	no		void
0x8000000530a8	FUN_8000000530a8	37366	37494	129	0	no		void
0x800000053404	FUN_800000053404	37495	37847	353	0	no		void
0x800000053e80	FUN_800000053e80	37848	38029	182	0	no		void
0x800000054298	FUN_800000054298	38030	38128	99	0	no		void
0x8000000544c8	FUN_8000000544c8	38129	38151	23	0	no		void
0x800000054560	FUN_800000054560	38152	38174	23	0	no		void
0x8000000545f8	FUN_8000000545f8	38175	38228	54	0	no		void
0x8000000546f4	FUN_8000000546f4	38229	38305	77	0	no		void
0x80000005483c	FUN_80000005483c	38306	38391	86	0	no		void
0x800000054958	FUN_800000054958	38392	38569	178	0	no		undefined1 [16]
0x800000054c2c	FUN_800000054c2c	38570	38587	18	0	no		ulong
0x800000054ca0	FUN_800000054ca0	38588	38609	22	0	no		void
0x800000054d20	FUN_800000054d20	38610	38631	22	0	no		void
0x800000054d9c	FUN_800000054d9c	38632	38656	25	0	no		uint
0x800000054e00	FUN_800000054e00	38657	38666	10	0	no		void
0x800000054e14	FUN_800000054e14	38667	38680	14	0	yes	kernel_sigismember	uint
0x800000054e5c	FUN_800000054e5c	38681	38712	32	0	no		void
0x800000054ef4	FUN_800000054ef4	38713	38801	89	0	yes	mutex_unlock	void
0x8000000550b0	FUN_8000000550b0	38802	38826	25	0	no		undefined1 [16]
0x800000055158	FUN_800000055158	38827	38883	57	0	yes	mmap_guest_errno	undefined1 [16]
0x8000000552e0	FUN_8000000552e0	38884	38918	35	0	no		void
0x800000055374	FUN_800000055374	38919	38948	30	0	yes	unfair_lock_unlock_slow	void
0x800000055414	FUN_800000055414	38949	38976	28	0	no		bool
0x800000055484	FUN_800000055484	38977	38991	15	0	no		void
0x8000000554c4	FUN_8000000554c4	38992	39006	15	0	no		void
0x800000055504	FUN_800000055504	39007	39091	85	0	no		char *
0x800000055634	FUN_800000055634	39092	39117	26	0	no		void
0x8000000556a4	FUN_8000000556a4	39118	39223	106	0	no		void
0x800000055874	FUN_800000055874	39224	39242	19	0	yes	operand_size,operand_size_to_data_size	bool
0x8000000558f4	FUN_8000000558f4	39243	39318	76	4	no		void
0x800000055bac	FUN_800000055bac	39319	39335	17	0	yes	translate_vector_low	uint
0x800000055c00	FUN_800000055c00	39336	39366	31	0	no		bool
0x800000055c54	FUN_800000055c54	39367	39420	54	0	no		void
0x800000055d58	FUN_800000055d58	39421	39495	75	3	yes	translate_jmp	void
0x800000055f88	FUN_800000055f88	39496	39518	23	1	no		void
0x800000056040	FUN_800000056040	39519	39626	108	1	yes	operand_size,operand_size_to_mem_size,segment_reg_to_thread_context_offset,translate_far_jmp	void
0x800000056408	FUN_800000056408	39627	39695	69	1	yes	operand_size,operand_size_to_mem_size	void
0x800000056608	FUN_800000056608	39696	39815	120	1	yes	operand_size,operand_size_to_mem_size,segment_reg_to_thread_context_offset,translate_far_call	void
0x800000056a60	FUN_800000056a60	39816	39880	65	1	yes	operand_size_to_mem_size	void
0x800000056be8	FUN_800000056be8	39881	39949	69	1	yes	operand_size_to_mem_size	void
0x800000056dd4	FUN_800000056dd4	39950	40045	96	1	yes	operand_size_to_mem_size,translate_far_ret	void
0x800000057120	FUN_800000057120	40046	40111	66	1	yes	translate_far_ret_immediate	void
0x800000057314	FUN_800000057314	40112	40134	23	1	no		void
0x8000000573cc	FUN_8000000573cc	40135	40156	22	1	no		void
0x800000057488	FUN_800000057488	40157	40173	17	1	no		void
0x800000057500	FUN_800000057500	40174	40190	17	1	no		void
0x800000057584	FUN_800000057584	40191	40207	17	1	no		void
0x8000000575f8	FUN_8000000575f8	40208	40228	21	0	yes	read_literal_no_xzr	void
0x80000005768c	FUN_80000005768c	40229	40347	119	0	no		ulong
0x8000000578b8	FUN_8000000578b8	40348	40363	16	0	yes	fixup_last_instruction_branch_target	void
0x800000057900	FUN_800000057900	40364	40420	57	0	no		void
0x8000000579e4	FUN_8000000579e4	40421	40434	14	1	no		void
0x800000057a30	FUN_800000057a30	40435	40499	65	2	no		void
0x800000057bc8	FUN_800000057bc8	40500	40519	20	0	yes	translate_condition_code	undefined1
0x800000057c50	FUN_800000057c50	40520	40535	16	0	yes	segment_reg_to_thread_context_offset	void
0x800000057c8c	FUN_800000057c8c	40536	56457	15922	791	yes	arithmetic_descriptor,dst_gpr_or_xzr,gpr_to_num,gpr_to_num_sp,high_reg_is_liveout,imm_info_for_low_index_mask,load_arithmetic_operand,operand_size,operand_size_to_data_size,operator[],translate_aesdec,translate_aesdeclast,translate_aesenc,translate_aesenclast,translate_bt,translate_bt_atomic,translate_cmps,translate_cmpxchg16b,translate_crc32,translate_cvtpd2i,translate_cvtps2i,translate_cvts2i,translate_div,translate_extractps,translate_fcom_fucom,translate_fcomi_fucomi,translate_ffree,translate_fist,translate_fld,translate_fldconst,translate_fst,translate_fst_stack,translate_fxch,translate_gpr,translate_instruction,translate_l_segment,translate_maskmov,translate_mov_segment,translate_mov_vector,translate_mov_xmm,translate_movd_movq,translate_movs_string,translate_pcmpestri,translate_pcmpestrm,translate_pcmpistri,translate_psll,translate_psra,translate_rol,translate_ror,translate_ror_imm,translate_roundp,translate_rounds,translate_shld,translate_shrd,translate_vtestp,translate_xmm,translate_xor	ulong
0x800000079960	FUN_800000079960	56458	56478	21	0	yes	translate_xmm_or_mm	ulong
0x8000000799b8	FUN_8000000799b8	56479	56501	23	1	no		void
0x800000079a98	FUN_800000079a98	56502	56545	44	0	yes	operand_size,operand_size_to_mem_size	void
0x800000079b90	FUN_800000079b90	56546	56584	39	0	no		void
0x800000079c30	FUN_800000079c30	56585	56621	37	7	no		void
0x800000079d34	FUN_800000079d34	56622	56635	14	0	no		void
0x800000079d9c	FUN_800000079d9c	56636	56727	92	8	yes	operator[]	void
0x80000007a09c	FUN_80000007a09c	56728	56821	94	8	yes	operator[]	void
0x80000007a3a8	FUN_80000007a3a8	56822	56914	93	8	yes	operator[]	void
0x80000007a6bc	FUN_80000007a6bc	56915	57229	315	32	yes	operator[]	void
0x80000007b2c4	FUN_80000007b2c4	57230	57549	320	32	yes	operator[]	void
0x80000007bec4	FUN_80000007bec4	57550	57863	314	32	yes	operator[]	void
0x80000007cac8	FUN_80000007cac8	57864	57893	30	3	no		void
0x80000007cb74	FUN_80000007cb74	57894	57958	65	7	yes	operator[]	void
0x80000007cd58	FUN_80000007cd58	57959	58022	64	7	yes	operator[]	void
0x80000007cf44	FUN_80000007cf44	58023	58087	65	7	yes	operator[]	void
0x80000007d130	FUN_80000007d130	58088	58103	16	0	no		undefined8
0x80000007d174	FUN_80000007d174	58104	58173	70	0	no		void
0x80000007d3b0	FUN_80000007d3b0	58174	58245	72	0	no		void
0x80000007d5e8	FUN_80000007d5e8	58246	58352	107	0	no		void
0x80000007d8f0	FUN_80000007d8f0	58353	58463	111	0	no		void
0x80000007dc38	FUN_80000007dc38	58464	58508	45	0	no		void
0x80000007ddac	FUN_80000007ddac	58509	58550	42	0	no		void
0x80000007de84	FUN_80000007de84	58551	58691	141	0	yes	determine_state_recovery_action_forward_branches	void
0x80000007e210	FUN_80000007e210	58692	58714	23	0	no		bool
0x80000007e290	FUN_80000007e290	58715	58760	46	1	yes	operator[]	void
0x80000007e3a4	FUN_80000007e3a4	58761	58850	90	5	yes	operator[]	void
0x80000007e62c	FUN_80000007e62c	58851	58940	90	5	yes	operator[]	void
0x80000007e8b4	FUN_80000007e8b4	58941	59004	64	1	yes	operator[]	void
0x80000007ea24	FUN_80000007ea24	59005	59068	64	1	yes	operator[]	void
0x80000007eb94	FUN_80000007eb94	59069	59132	64	1	yes	operator[]	void
0x80000007ed04	FUN_80000007ed04	59133	59208	76	4	yes	operator[]	void
0x80000007ef48	FUN_80000007ef48	59209	59272	64	1	yes	operator[]	void
0x80000007f0b8	FUN_80000007f0b8	59273	59336	64	1	yes	operator[]	void
0x80000007f228	FUN_80000007f228	59337	59409	73	2	yes	operator[]	void
0x80000007f404	FUN_80000007f404	59410	59496	87	6	yes	operator[]	void
0x80000007f688	FUN_80000007f688	59497	59569	73	2	yes	operator[]	void
0x80000007f868	FUN_80000007f868	59570	59642	73	2	yes	operator[]	void
0x80000007fa48	FUN_80000007fa48	59643	59715	73	2	yes	operator[]	void
0x80000007fc28	FUN_80000007fc28	59716	59788	73	2	yes	operator[]	void
0x80000007fe08	FUN_80000007fe08	59789	59858	70	7	yes	operator[],translate_pmovsxb	void
0x800000080040	FUN_800000080040	59859	59911	53	4	yes	operator[],translate_pmovsxw	void
0x8000000801ec	FUN_8000000801ec	59912	59981	70	7	yes	operator[],translate_pmovzxb	void
0x800000080424	FUN_800000080424	59982	60034	53	4	yes	operator[],translate_pmovzxw	void
0x8000000805d0	FUN_8000000805d0	60035	60098	64	1	yes	operator[]	void
0x800000080740	FUN_800000080740	60099	60172	74	5	yes	operator[]	void
0x800000080950	FUN_800000080950	60173	60236	64	1	yes	operator[]	void
0x800000080ac0	FUN_800000080ac0	60237	60300	64	1	yes	operator[]	void
0x800000080c30	FUN_800000080c30	60301	60364	64	1	yes	operator[]	void
0x800000080da0	FUN_800000080da0	60365	60396	32	2	yes	operator[]	void
0x800000080ed8	FUN_800000080ed8	60397	60413	17	0	yes	imm_info_for_high_index_mask	ulong
0x800000080f2c	FUN_800000080f2c	60414	60439	26	1	no		void
0x800000080fe8	FUN_800000080fe8	60440	60532	93	1	yes	fp_arith_vec,operator[]	void
0x8000000811e0	FUN_8000000811e0	60533	60600	68	1	yes	operator[]	void
0x800000081348	FUN_800000081348	60601	60706	106	4	yes	operator[]	void
0x800000081590	FUN_800000081590	60707	60762	56	4	no		void
0x800000081724	FUN_800000081724	60763	60868	106	4	yes	operator[]	void
0x80000008196c	FUN_80000008196c	60869	60924	56	4	no		void
0x800000081b00	FUN_800000081b00	60925	60974	50	1	yes	operator[]	void
0x800000081c0c	FUN_800000081c0c	60975	60998	24	1	no		void
0x800000081ca0	FUN_800000081ca0	60999	61025	27	0	yes	translate_vector_or_mm_low	ulong
0x800000081d10	FUN_800000081d10	61026	61039	14	0	yes	translate_avx_low	uint
0x800000081d5c	FUN_800000081d5c	61040	61116	77	4	yes	operator[],translate_movs	void
0x800000081fdc	FUN_800000081fdc	61117	61227	111	1	yes	translate_shuffle_from_plan	void
0x8000000822c8	FUN_8000000822c8	61228	61256	29	2	yes	operator[]	void
0x8000000823b4	FUN_8000000823b4	61257	61298	42	1	yes	operator[]	void
0x8000000824bc	FUN_8000000824bc	61299	61437	139	0	yes	operator[],translate_vmaskmov	void
0x8000000828b8	FUN_8000000828b8	61438	61524	87	4	yes	operator[]	void
0x800000082afc	FUN_800000082afc	61525	61609	85	3	yes	operator[]	void
0x800000082d18	FUN_800000082d18	61610	61690	81	0	yes	generate_z_flag	void
0x800000082f34	FUN_800000082f34	61691	61705	15	1	yes	gpr_to_num	void
0x800000082fc8	FUN_800000082fc8	61706	61719	14	1	yes	gpr_to_num	void
0x800000083024	FUN_800000083024	61720	61779	60	3	no		void
0x80000008319c	FUN_80000008319c	61780	62077	298	0	yes	operand_size,operand_size_to_data_size,translate_gpr,translate_mul	void
0x800000083ac0	FUN_800000083ac0	62078	62107	30	0	yes	translate_cmpp	void
0x800000085144	FUN_800000085144	62108	62245	138	7	yes	translate_comis	void
0x800000085460	FUN_800000085460	62246	62265	20	0	yes	allocate_temporary_gpr_num	uint
0x8000000854c8	FUN_8000000854c8	62266	62294	29	0	yes	set_xmm_state_internal	void
0x80000008556c	FUN_80000008556c	62295	62333	39	0	no		void
0x800000085604	FUN_800000085604	62334	62369	36	0	yes	allocate_temporary_fpr_num	byte
0x8000000856cc	FUN_8000000856cc	62370	62390	21	0	no		void
0x800000085704	FUN_800000085704	62391	62417	27	0	yes	copy_xmm_state	void
0x8000000857a0	FUN_8000000857a0	62418	62433	16	0	no		void
0x8000000857cc	FUN_8000000857cc	62434	62461	28	0	no		ulong
0x800000085838	FUN_800000085838	62462	62487	26	1	no		void
0x8000000858bc	FUN_8000000858bc	62488	62510	23	1	no		uint
0x80000008593c	FUN_80000008593c	62511	62530	20	0	yes	free_temporary_gpr	void
0x80000008599c	FUN_80000008599c	62531	62796	266	0	yes	operand_size_to_data_size,operand_size_to_mem_size,shift_to_mem_size,translate_gpr	bool
0x8000000860a8	FUN_8000000860a8	62797	63225	429	0	yes	compute_operand_address,operand_size_to_data_size,translate_gpr	ulong
0x800000086a60	FUN_800000086a60	63226	63429	204	0	yes	gpr_to_num,operand_size_to_mem_size,read_operand_gpr	ulong
0x800000086edc	FUN_800000086edc	63430	63546	117	0	yes	read_gpr,translate_gpr	ulong
0x800000087154	FUN_800000087154	63547	63657	111	0	yes	operator[],read_operand_vector	ulong
0x800000087374	FUN_800000087374	63658	63685	28	1	no		uint
0x800000087424	FUN_800000087424	63686	63766	81	0	yes	operand_size_to_mem_size,read_operand_xmm_helper,translate_xmm	uint
0x80000008766c	FUN_80000008766c	63767	63799	33	0	no		ulong
0x8000000876f0	FUN_8000000876f0	63800	63868	69	0	yes	operand_size_to_mem_size,read_operand_xmm_or_mm_helper	ulong
0x8000000878fc	FUN_8000000878fc	63869	63885	17	0	no		void
0x80000008792c	FUN_80000008792c	63886	63918	33	1	no		void
0x800000087a20	FUN_800000087a20	63919	63943	25	1	no		void
0x800000087a7c	FUN_800000087a7c	63944	64060	117	0	yes	operand_size_to_mem_size,operator[],write_non_reg_operand_vector	void
0x800000087d58	FUN_800000087d58	64061	64076	16	0	yes	translate_and_invalidate_vector_low	void
0x800000087db0	FUN_800000087db0	64077	64123	47	0	yes	read_and_invalidate_vector_dst	ulong
0x800000087eac	FUN_800000087eac	64124	64148	25	0	no		ulong
0x800000087efc	FUN_800000087efc	64149	64164	16	0	yes	translate_and_invalidate_xmm_or_mm_dst	void
0x800000087f5c	FUN_800000087f5c	64165	64181	17	0	no		void
0x800000088034	FUN_800000088034	64182	64213	32	0	no		void
0x8000000880f4	FUN_8000000880f4	64214	64252	39	0	yes	dst_gpr_for_operand,translate_gpr	ulong
0x8000000881b0	FUN_8000000881b0	64253	64371	119	1	yes	reg_data_for_xmm_scalar_fp,translate_and_invalidate_xmm_dst,translate_xmm	byte
0x8000000884a8	FUN_8000000884a8	64372	64402	31	0	yes	operator[]	ulong
0x800000088558	FUN_800000088558	64403	64436	34	2	no		void
0x80000008864c	FUN_80000008864c	64437	64507	71	0	yes	gpr_to_num,operand_size_to_mem_size,write_operand_gpr	void
0x80000008888c	FUN_80000008888c	64508	64547	40	0	yes	translate_gpr	void
0x800000088994	FUN_800000088994	64548	64610	63	0	yes	operand_size_to_mem_size,write_non_reg_operand_fpr	void
0x800000088b64	FUN_800000088b64	64611	64626	16	0	no		void
0x800000088bb8	FUN_800000088bb8	64627	64645	19	0	no		long
0x800000088c00	FUN_800000088c00	64646	64668	23	0	no		void
0x800000088c60	FUN_800000088c60	64669	64687	19	0	no		void
0x800000088ccc	FUN_800000088ccc	64688	64702	15	0	no		void
0x800000088cf8	FUN_800000088cf8	64703	64715	13	0	no		void
0x800000088d5c	FUN_800000088d5c	64716	64789	74	0	no		void
0x800000088e50	FUN_800000088e50	64790	64801	12	0	no		void
0x800000088f48	FUN_800000088f48	64802	64970	169	0	no		void
0x80000008939c	FUN_80000008939c	64971	65018	48	0	no		void
0x80000008947c	FUN_80000008947c	65019	65030	12	0	no		void
0x800000089a08	FUN_800000089a08	65031	65070	40	0	no		void
0x800000089b18	FUN_800000089b18	65071	65086	16	0	no		void
0x800000089b44	FUN_800000089b44	65087	65130	44	0	no		long
0x800000089bdc	FUN_800000089bdc	65131	65174	44	0	no		void
0x800000089c60	FUN_800000089c60	65175	65225	51	0	no		void
0x800000089d60	FUN_800000089d60	65226	65269	44	0	no		void
0x800000089de4	FUN_800000089de4	65270	65320	51	0	no		void
0x800000089ef0	FUN_800000089ef0	65321	65364	44	0	no		void
0x800000089f74	FUN_800000089f74	65365	65415	51	0	no		void
0x80000008a074	FUN_80000008a074	65416	65654	239	0	no		void
0x80000008a720	FUN_80000008a720	65655	65727	73	0	no		void
0x80000008a850	FUN_80000008a850	65728	65754	27	0	no		byte
0x80000008a8ac	FUN_80000008a8ac	65755	65803	49	0	yes	entry_for_arm_offset	undefined8
0x80000008a958	FUN_80000008a958	65804	65904	101	0	no		undefined1 [16]
0x80000008ab34	FUN_80000008ab34	65905	65935	31	0	no		uint
0x80000008aba8	FUN_80000008aba8	65936	65959	24	0	no		void
0x80000008ac30	FUN_80000008ac30	65960	65992	33	0	no		void
0x80000008ac84	FUN_80000008ac84	65993	66016	24	0	yes	allocate_free_entry	undefined8 *
0x80000008acfc	FUN_80000008acfc	66017	66069	53	0	no		undefined8
0x80000008adcc	FUN_80000008adcc	66070	66128	59	0	no		void
0x80000008ae80	FUN_80000008ae80	66129	66171	43	0	yes	find_x86_entry	bool
0x80000008af38	FUN_80000008af38	66172	66220	49	0	no		void
0x80000008afb0	FUN_80000008afb0	66221	66295	75	0	yes	find_free_space_internal	long
0x80000008b114	FUN_80000008b114	66296	66360	65	0	yes	allocate_node,refill_slab_allocator	void
0x80000008b230	FUN_80000008b230	66361	66820	460	0	yes	find_parent_for_insertion_no_duplicates	void
0x80000008b828	FUN_80000008b828	66821	66862	42	0	no		void
0x80000008b890	FUN_80000008b890	66863	66904	42	0	no		void
0x80000008b8f8	FUN_80000008b8f8	66905	66947	43	0	no		void
0x80000008b99c	FUN_80000008b99c	66948	66990	43	0	no		void
0x80000008ba40	FUN_80000008ba40	66991	67033	43	0	no		void
0x80000008bae4	FUN_80000008bae4	67034	67076	43	0	no		void
0x80000008bb88	FUN_80000008bb88	67077	67106	30	0	no		bool
0x80000008bc10	FUN_80000008bc10	67107	67703	597	0	no		void
0x80000008c584	FUN_80000008c584	67704	67733	30	0	no		void
0x80000008c5e0	FUN_80000008c5e0	67734	67763	30	0	no		void
0x80000008c63c	FUN_80000008c63c	67764	67860	97	0	no		void
0x80000008c844	FUN_80000008c844	67861	68014	154	0	yes	cull_nodes_in_interval,find_allocation_or_nearest_right	void
0x80000008caf8	FUN_80000008caf8	68015	68115	101	0	no		void
0x80000008cc7c	FUN_80000008cc7c	68116	68212	97	0	yes	find_allocation_or_nearest_right,remove	void
0x80000008ce48	FUN_80000008ce48	68213	68257	45	0	yes	remove_shm_mapping_entry	void
0x80000008ceec	FUN_80000008ceec	68258	68323	66	0	yes	change_permissions	void
0x80000008d02c	FUN_80000008d02c	68324	68351	28	0	no		void
0x80000008d0b4	FUN_80000008d0b4	68352	68405	54	0	yes	parse_proc_maps_line	void
0x80000008d1e8	FUN_80000008d1e8	68406	68515	110	0	yes	procmaps_info_for_address	void
0x80000008d3d0	FUN_80000008d3d0	68516	68574	59	0	yes	register_to_string	undefined *
0x80000008d500	FUN_80000008d500	68575	68768	194	0	yes	read_int	ulong
0x80000008d8c0	FUN_80000008d8c0	68769	69160	392	0	yes	decode_dependant_operand,decode_opcode,decode_operand_register,walk_map_select	undefined4
0x80000008e060	FUN_80000008e060	69161	69584	424	0	yes	decode_operand	bool
0x80000008e6f4	FUN_80000008e6f4	69585	70292	708	0	yes	decode_operand_mem_16	ushort *
0x80000008e7b8	FUN_80000008e7b8	70293	70329	37	0	yes	decode_gpr	byte
0x80000008e88c	FUN_80000008e88c	70330	70587	258	0	yes	decode_operand_mem_16	void
0x80000008ed30	FUN_80000008ed30	70588	70616	29	0	no		undefined1
0x80000008ed8c	FUN_80000008ed8c	70617	70642	26	0	yes	decode_xmm	byte
0x80000008ee18	FUN_80000008ee18	70643	70654	12	0	no		void
0x80000008ef40	FUN_80000008ef40	70655	70684	30	0	no		void
0x80000008ef90	FUN_80000008ef90	70685	70717	33	0	no		undefined8
0x80000008f010	FUN_80000008f010	70718	70749	32	0	no		undefined8
0x80000008f074	FUN_80000008f074	70750	70775	26	0	no		undefined1 [16]
0x80000008f0fc	FUN_80000008f0fc	70776	72211	1436	0	yes	mov_segment	void
0x80000008f78c	FUN_80000008f78c	72212	72336	125	0	no		ulong
0x80000008f94c	FUN_80000008f94c	72337	72479	143	0	no		void
0x80000008faec	FUN_80000008faec	72480	72507	28	0	no		void
0x80000008fb5c	FUN_80000008fb5c	72508	72563	56	0	no		void
0x80000008fc5c	FUN_80000008fc5c	72564	72618	55	0	no		void
0x80000008fd18	FUN_80000008fd18	72619	72640	22	0	no		void
0x80000008fd68	FUN_80000008fd68	72641	72672	32	0	no		void
0x80000008fe08	FUN_80000008fe08	72673	72700	28	0	no		undefined1 [16]
0x80000008fe68	FUN_80000008fe68	72701	72724	24	0	no		undefined1 [16]
0x80000008ff1c	FUN_80000008ff1c	72725	72782	58	0	no		undefined1 [16]
0x8000000900a0	FUN_8000000900a0	72783	73086	304	0	yes	map_elf	void
0x8000000906c8	FUN_8000000906c8	73087	73151	65	0	no		long
0x800000090864	FUN_800000090864	73152	73265	114	0	no		void
0x800000090a0c	FUN_800000090a0c	73266	73336	71	0	yes	create_from_header	void
0x800000090afc	FUN_800000090afc	73337	73569	233	0	no		ulong
0x8000000910e0	FUN_8000000910e0	73570	73798	229	0	no		ulong
0x8000000913d4	FUN_8000000913d4	73799	73808	10	0	no		void
0x8000000913dc	FUN_8000000913dc	73809	73836	28	0	no		undefined1 [16]
0x80000009147c	FUN_80000009147c	73837	73944	108	0	no		ulong
0x8000000915f0	FUN_8000000915f0	73945	74037	93	0	no		ulong
0x80000009173c	FUN_80000009173c	74038	74090	53	0	no		char *
0x8000000917c0	FUN_8000000917c0	74091	74630	540	0	no		void
0x8000000921bc	FUN_8000000921bc	74631	74678	48	0	no		long
