addr	decomp_func	original_function	original_file	original_line	evidence
0x8000000278c4	FUN_8000000278c4	gpr_to_num	Register.h	51	4 assert site(s)
0x800000027cf8	FUN_800000027cf8	gpr_to_num_sp	Register.h	56	3 assert site(s)
0x8000000280d0	FUN_8000000280d0	gpr_to_num_sp	Register.h	56	3 assert site(s)
0x80000002821c	FUN_80000002821c	gpr_to_num	Register.h	51	1 assert site(s)
0x800000028410	FUN_800000028410	gpr_to_num	Register.h	51	1 assert site(s)
0x8000000284d4	FUN_8000000284d4	gpr_to_num	Register.h	51	1 assert site(s)
0x80000002861c	FUN_80000002861c	gpr_to_num	Register.h	51	1 assert site(s)
0x800000028684	FUN_800000028684	gpr_to_num	Register.h	51	1 assert site(s)
0x8000000286e0	FUN_8000000286e0	gpr_to_num	Register.h	51	1 assert site(s)
0x800000028738	FUN_800000028738	gpr_to_num	Register.h	51	4 assert site(s)
0x800000028970	FUN_800000028970	ldp_post	Register.h	1239	5 assert site(s)
0x800000028c04	FUN_800000028c04	gpr_to_num	Register.h	51	1 assert site(s)
0x800000028c50	FUN_800000028c50	ldr_post	Register.h	1286	5 assert site(s)
0x800000028f70	FUN_800000028f70	gpr_to_num	Register.h	51	1 assert site(s)
0x8000000290c8	FUN_8000000290c8	gpr_to_num_sp	Register.h	56	3 assert site(s)
0x800000029308	FUN_800000029308	gpr_to_num	Register.h	51	1 assert site(s)
0x800000029364	FUN_800000029364	gpr_to_num	Register.h	51	1 assert site(s)
0x8000000293d0	FUN_8000000293d0	gpr_to_num	Register.h	51	1 assert site(s)
0x800000029428	FUN_800000029428	gpr_to_num	AssemblerBase.hpp	51	5 assert site(s)
0x8000000296f8	FUN_8000000296f8	str_pre	Register.h	2092	5 assert site(s)
0x8000000297e4	FUN_8000000297e4	smov_64	AssemblerBase.hpp	2196	3 assert site(s)
0x800000029878	FUN_800000029878	gpr_to_num	Register.h	51	1 assert site(s)
0x8000000298d8	FUN_8000000298d8	gpr_to_num	Register.h	51	1 assert site(s)
0x800000029a00	FUN_800000029a00	ushr_vec	AssemblerBase.hpp	2434	1 assert site(s)
0x800000029a80	FUN_800000029a80	gpr_to_num	Register.h	51	1 assert site(s)
0x800000029ad0	FUN_800000029ad0	repatch_branch_26	Repatch.cpp	33	2 assert site(s)
0x800000029ba8	FUN_800000029ba8	effects_for_instruction	Decoder.cpp	918	7 assert site(s)
0x80000002a500	FUN_80000002a500	fixup_absolute	Fixup.cpp	74	1 assert site(s)
0x80000002a6bc	FUN_80000002a6bc	is_bitmask_immediate	AssemblerHelpers.cpp	171	1 assert site(s)
0x80000002ac58	FUN_80000002ac58	condition_code_to_string	Operand.cpp	44	4 assert site(s)
0x80000002bf60	FUN_80000002bf60	create_fake_cpuinfo_file	ThreadContextFcntl.cpp	333	18 assert site(s)
0x80000002c750	FUN_80000002c750	create_tempfile	ThreadContextFcntl.cpp	85	4 assert site(s)
0x80000002c824	FUN_80000002c824	was_rosetta_process_invoked_directly	ThreadContextFcntl.cpp	142	1 assert site(s)
0x80000002cc20	FUN_80000002cc20	fcntl	ThreadContextFcntl.cpp	463	2 assert site(s)
0x80000002cce4	FUN_80000002cce4	find_parent_for_insertion_no_duplicates	RedBlackTree.h	214	1 assert site(s)
0x80000002d140	FUN_80000002d140	find_parent_for_insertion_no_duplicates	RedBlackTree.h	214	1 assert site(s)
0x80000002d50c	FUN_80000002d50c	operator()	TranslationCacheAot.cpp	176	1 assert site(s)
0x80000002d5ec	FUN_80000002d5ec	operator()	TranslationCacheAot.cpp	244	1 assert site(s)
0x80000002db70	FUN_80000002db70	is_thread_alive	Thread.cpp	18	2 assert site(s)
0x80000002dbf8	FUN_80000002dbf8	suspend_all_threads	Thread.cpp	50	4 assert site(s)
0x80000002df8c	FUN_80000002df8c	register_thread_context	Thread.cpp	28	3 assert site(s)
0x80000002e360	FUN_80000002e360	request_suspend_no_signal	ThreadContext.cpp	218	2 assert site(s)
0x80000002e428	FUN_80000002e428	resume	ThreadContext.cpp	312	2 assert site(s)
0x80000002e700	FUN_80000002e700	handle_jit_breakpoint	TranslationCacheJit.cpp	189	7 assert site(s)
0x80000002edb8	FUN_80000002edb8	translate_sigtrap	ThreadContextRuntimeSignals.cpp	371	4 assert site(s)
0x80000002f0f0	FUN_80000002f0f0	remap	ThreadContextRuntimeSignals.cpp	705	16 assert site(s)
0x80000003007c	FUN_80000003007c	remove_shared_mem	VMAllocationTracker.cpp	735	4 assert site(s)
0x800000030314	FUN_800000030314	io_setup	ThreadContextVm.cpp	392	2 assert site(s)
0x8000000303ec	FUN_8000000303ec	calculate_slab_allocator_size	Vdso.cpp	284	16 assert site(s)
0x800000031e04	FUN_800000031e04	initialize_function_table_entry	Vdso.cpp	84	1 assert site(s)
0x800000032040	FUN_800000032040	before_clone_thread	ThreadContextSyscalls.cpp	91	1 assert site(s)
0x8000000321b0	FUN_8000000321b0	clone_process	ThreadContextSyscalls.cpp	179	2 assert site(s)
0x800000032984	FUN_800000032984	alarm	ThreadContextSyscalls.cpp	467	2 assert site(s)
0x8000000331fc	FUN_8000000331fc	is_valid_x86_thread	Thread.cpp	159	2 assert site(s)
0x800000033814	FUN_800000033814	translate_indirect_branch	ThreadContext.cpp	223	2 assert site(s)
0x800000033860	FUN_800000033860	branch_slot_miss	ThreadContext.cpp	232	2 assert site(s)
0x800000033920	FUN_800000033920	iterate_fragments_in_x86_interval_holding_lock	TranslationCacheJit.cpp	125	2 assert site(s)
0x800000033a68	FUN_800000033a68	request_evict	ThreadContext.cpp	275	2 assert site(s)
0x800000033e60	FUN_800000033e60	remove_aot_fragments	TranslationCacheAot.cpp	199	5 assert site(s)
0x80000003498c	FUN_80000003498c	set_pointer	TaggedPointer.h	33	2 assert site(s)
0x8000000349d8	FUN_8000000349d8	remove_arm_tree_only_translation	TranslationCacheJit.cpp	458	6 assert site(s)
0x800000034b64	FUN_800000034b64	operator()	TranslationCacheJit.cpp	506	2 assert site(s)
0x800000034da8	FUN_800000034da8	apply_fixups	RuntimeLibraryBridgeInternal.cpp	169	31 assert site(s)
0x800000037be4	FUN_800000037be4	find_translation_in_tree_x86	TranslationCache.cpp	311	2 assert site(s)
0x8000000386fc	FUN_8000000386fc	finish_block	BuilderBase.h	670	2 assert site(s)
0x80000003880c	FUN_80000003880c	block_for_offset	BuilderBase.h	550	2 assert site(s)
0x800000038b38	FUN_800000038b38	branch_target_from_operand	IrBuilder_x86.h	104	2 assert site(s)
0x800000039528	FUN_800000039528	translate_loop	Translator.cpp	1682	30 assert site(s)
0x80000003bcf0	FUN_80000003bcf0	move_vector	TransactionalList.h	27	2 assert site(s)
0x80000003be94	FUN_80000003be94	add_internal_fixup	Repatch.cpp	494	7 assert site(s)
0x80000003c1a4	FUN_80000003c1a4	rollback	TranslatorBase.hpp	90	4 assert site(s)
0x80000003c87c	FUN_80000003c87c	allocate	ExecutableHeap.cpp	119	2 assert site(s)
0x80000003c9b8	FUN_80000003c9b8	allocate_from_node	BestFitAllocator.h	247	5 assert site(s)
0x80000003d514	FUN_80000003d514	runtime_routines_for_address	ExecutableHeap.cpp	150	2 assert site(s)
0x80000003d648	FUN_80000003d648	abi_info_for_runtime_routines_address	TranslationCacheAbi.cpp	105	2 assert site(s)
0x80000003e06c	FUN_80000003e06c	operator()	TranslationCacheJit.cpp	104	2 assert site(s)
0x80000003e37c	FUN_80000003e37c	process_jcxz	BranchTargetFinder.cpp	135	9 assert site(s)
0x80000004077c	FUN_80000004077c	set_nzcv	ThreadState.h	55	2 assert site(s)
0x8000000407cc	FUN_8000000407cc	guest_gpr_state_from_host_state	ThreadContextRegisterState.cpp	259	18 assert site(s)
0x800000040f24	FUN_800000040f24	determine_loop_properties	StateRecovery.cpp	157	35 assert site(s)
0x800000041e4c	FUN_800000041e4c	host_gpr_state_from_guest_state	ThreadContextRegisterState.cpp	938	13 assert site(s)
0x8000000423f8	FUN_8000000423f8	rt_sigprocmask	ThreadContextSignals.cpp	287	2 assert site(s)
0x8000000427c0	FUN_8000000427c0	rt_sigreturn	ThreadContextSignals.cpp	370	2 assert site(s)
0x800000042a20	FUN_800000042a20	deliver_signal	ThreadContextSignals.cpp	452	7 assert site(s)
0x800000042f44	FUN_800000042f44	sa_sigaction_handler	ThreadContextSignals.cpp	784	5 assert site(s)
0x80000004336c	FUN_80000004336c	get_arm_gpr_state	PacketHandlers.cpp	216	2 assert site(s)
0x8000000433fc	FUN_8000000433fc	get_arm_fpr_state	PacketHandlers.cpp	233	2 assert site(s)
0x800000043528	FUN_800000043528	convert_arm_neon_state64_to_user_fpsimd	PacketHandlers.cpp	196	2 assert site(s)
0x800000043608	FUN_800000043608	handle_H_packet	PacketHandlers.cpp	307	2 assert site(s)
0x8000000437c4	FUN_8000000437c4	handle_last_signal_packet	PacketHandlers.cpp	344	2 assert site(s)
0x800000043ae8	FUN_800000043ae8	handle_g_packet	PacketHandlers.cpp	831	4 assert site(s)
0x800000044548	FUN_800000044548	handle_p_packet	PacketHandlers.cpp	864	6 assert site(s)
0x800000045810	FUN_800000045810	host_fpr_state_from_guest_state	PacketHandlers.cpp	1080	14 assert site(s)
0x800000046064	FUN_800000046064	handle_memory_read_packet	PacketHandlers.cpp	1258	2 assert site(s)
0x800000046328	FUN_800000046328	handle_M_packet	PacketHandlers.cpp	1472	2 assert site(s)
0x8000000466e8	FUN_8000000466e8	continue_all_threads	PacketHandlers.cpp	1548	7 assert site(s)
0x800000046a34	FUN_800000046a34	push_back	FixedArray.h	29	1 assert site(s)
0x800000046a90	FUN_800000046a90	handle_vCont_packet	PacketHandlers.cpp	1722	4 assert site(s)
0x800000046f20	FUN_800000046f20	enable_watchpoint	PacketHandlers.cpp	1939	4 assert site(s)
0x800000047284	FUN_800000047284	disable_watchpoint	PacketHandlers.cpp	2015	2 assert site(s)
0x800000047700	FUN_800000047700	GDBServer	GDBServer.cpp	151	7 assert site(s)
0x800000047b84	FUN_800000047b84	convert_to_gdb_signal	GDBServer.cpp	234	1 assert site(s)
0x800000047bf0	FUN_800000047bf0	convert_gdb_to_sys_signal	GDBServer.cpp	294	2 assert site(s)
0x800000047ce8	FUN_800000047ce8	check_if_thread_in_runtime	GDBServer.cpp	334	3 assert site(s)
0x800000047de4	FUN_800000047de4	operator()	GDBServer.cpp	378	12 assert site(s)
0x800000048348	FUN_800000048348	report_watchpoint	GDBServer.cpp	745	8 assert site(s)
0x800000048754	FUN_800000048754	halt_all_threads_except	GDBServer.cpp	823	4 assert site(s)
0x800000048924	FUN_800000048924	add_pending_watchpoint	GDBServer.cpp	921	2 assert site(s)
0x800000048a04	FUN_800000048a04	push_back	FixedArray.h	29	1 assert site(s)
0x800000048ac0	FUN_800000048ac0	handle_signal_stop_requested	GDBServer.cpp	1033	16 assert site(s)
0x8000000496b0	FUN_8000000496b0	thread_main	GDBServer.cpp	1410	2 assert site(s)
0x800000049734	FUN_800000049734	write_hex_string	GDBServer.cpp	1479	2 assert site(s)
0x8000000497b4	FUN_8000000497b4	fma_rs	AdditionMultiplication.cpp	17	4 assert site(s)
0x800000049c4c	FUN_800000049c4c	round_to_float80_rs	Rounding.cpp	84	10 assert site(s)
0x80000004a2bc	FUN_80000004a2bc	round_to_float80_rs	Rounding.cpp	84	22 assert site(s)
0x80000004ae70	FUN_80000004ae70	right_shift_64_rs	GuardBits.cpp	65	2 assert site(s)
0x80000004c33c	FUN_80000004c33c	remove_holding_lock	IndirectBranchHashMap.cpp	139	2 assert site(s)
0x80000004c724	FUN_80000004c724	insert_if_new	IndirectBranchHashMap.cpp	210	4 assert site(s)
0x80000004c9cc	FUN_80000004c9cc	find_instruction_ranges	CodeFragmentMetadata.cpp	338	16 assert site(s)
0x80000004ce68	FUN_80000004ce68	push_back	CodeFragmentMetadata.cpp	90	6 assert site(s)
0x80000004d2b4	FUN_80000004d2b4	gpr_operand	ArmInterpreter.cpp	386	2 assert site(s)
0x80000004d328	FUN_80000004d328	fpr_operand	ArmInterpreter.cpp	402	2 assert site(s)
0x80000004d38c	FUN_80000004d38c	jit_instruction	ArmInterpreter.cpp	713	16 assert site(s)
0x80000004efa8	FUN_80000004efa8	convert_to_ieee	FstIeee.cpp	103	4 assert site(s)
0x80000004f2f4	FUN_80000004f2f4	convert_to_ieee	FstIeee.cpp	103	4 assert site(s)
0x80000004f90c	FUN_80000004f90c	x87_fcom_ST	x87.cpp	423	1 assert site(s)
0x80000004fc50	FUN_80000004fc50	x87_fucom	x87.cpp	476	1 assert site(s)
0x800000052748	FUN_800000052748	sqrt_rs	Fsqrt.cpp	56	2 assert site(s)
0x800000054e14	FUN_800000054e14	kernel_sigismember	Signals.cpp	85	2 assert site(s)
0x800000054ef4	FUN_800000054ef4	mutex_unlock	Mutex.cpp	69	1 assert site(s)
0x800000055158	FUN_800000055158	mmap_guest_errno	MmapTracker.cpp	169	2 assert site(s)
0x800000055374	FUN_800000055374	unfair_lock_unlock_slow	UnfairLock.cpp	121	2 assert site(s)
0x800000055874	FUN_800000055874	operand_size	Operand.h	116	4 assert site(s)
0x800000055bac	FUN_800000055bac	translate_vector_low	Translator.h	741	2 assert site(s)
0x800000055d58	FUN_800000055d58	translate_jmp	Translator.cpp	1039	2 assert site(s)
0x800000056040	FUN_800000056040	translate_far_jmp	Translator.cpp	1189	8 assert site(s)
0x800000056408	FUN_800000056408	operand_size	Operand.h	116	4 assert site(s)
0x800000056608	FUN_800000056608	translate_far_call	Translator.cpp	771	8 assert site(s)
0x800000056a60	FUN_800000056a60	operand_size_to_mem_size	Translator.h	562	2 assert site(s)
0x800000056be8	FUN_800000056be8	operand_size_to_mem_size	Translator.h	562	2 assert site(s)
0x800000056dd4	FUN_800000056dd4	operand_size_to_mem_size	Translator.h	562	4 assert site(s)
0x800000057120	FUN_800000057120	translate_far_ret_immediate	Translator.cpp	1009	1 assert site(s)
0x8000000575f8	FUN_8000000575f8	read_literal_no_xzr	TranslatorHelpers.hpp	136	2 assert site(s)
0x8000000578b8	FUN_8000000578b8	fixup_last_instruction_branch_target	TranslatorBase.hpp	476	2 assert site(s)
0x800000057bc8	FUN_800000057bc8	translate_condition_code	Translator.h	612	4 assert site(s)
0x800000057c50	FUN_800000057c50	segment_reg_to_thread_context_offset	Translator.cpp	715	2 assert site(s)
0x800000057c8c	FUN_800000057c8c	translate_fld	TranslatorX87.cpp	508	90 assert site(s)
0x800000079960	FUN_800000079960	translate_xmm_or_mm	Translator.h	579	2 assert site(s)
0x800000079a98	FUN_800000079a98	operand_size_to_mem_size	Translator.h	562	3 assert site(s)
0x800000079d9c	FUN_800000079d9c	operator[]	Translator.h	130	1 assert site(s)
0x80000007a09c	FUN_80000007a09c	operator[]	Translator.h	130	1 assert site(s)
0x80000007a3a8	FUN_80000007a3a8	operator[]	Translator.h	130	1 assert site(s)
0x80000007a6bc	FUN_80000007a6bc	operator[]	Translator.h	130	2 assert site(s)
0x80000007b2c4	FUN_80000007b2c4	operator[]	Translator.h	130	2 assert site(s)
0x80000007bec4	FUN_80000007bec4	operator[]	Translator.h	130	2 assert site(s)
0x80000007cb74	FUN_80000007cb74	operator[]	Translator.h	130	1 assert site(s)
0x80000007cd58	FUN_80000007cd58	operator[]	Translator.h	130	1 assert site(s)
0x80000007cf44	FUN_80000007cf44	operator[]	Translator.h	130	1 assert site(s)
0x80000007de84	FUN_80000007de84	determine_state_recovery_action_forward_branches	StateRecovery.cpp	338	2 assert site(s)
0x80000007e290	FUN_80000007e290	operator[]	Translator.h	130	2 assert site(s)
0x80000007e3a4	FUN_80000007e3a4	operator[]	Translator.h	130	1 assert site(s)
0x80000007e62c	FUN_80000007e62c	operator[]	Translator.h	130	1 assert site(s)
0x80000007e8b4	FUN_80000007e8b4	operator[]	Translator.h	130	1 assert site(s)
0x80000007ea24	FUN_80000007ea24	operator[]	Translator.h	130	1 assert site(s)
0x80000007eb94	FUN_80000007eb94	operator[]	Translator.h	130	1 assert site(s)
0x80000007ed04	FUN_80000007ed04	operator[]	Translator.h	130	1 assert site(s)
0x80000007ef48	FUN_80000007ef48	operator[]	Translator.h	130	1 assert site(s)
0x80000007f0b8	FUN_80000007f0b8	operator[]	Translator.h	130	1 assert site(s)
0x80000007f228	FUN_80000007f228	operator[]	Translator.h	130	1 assert site(s)
0x80000007f404	FUN_80000007f404	operator[]	Translator.h	130	2 assert site(s)
0x80000007f688	FUN_80000007f688	operator[]	Translator.h	130	1 assert site(s)
0x80000007f868	FUN_80000007f868	operator[]	Translator.h	130	1 assert site(s)
0x80000007fa48	FUN_80000007fa48	operator[]	Translator.h	130	1 assert site(s)
0x80000007fc28	FUN_80000007fc28	operator[]	Translator.h	130	1 assert site(s)
0x80000007fe08	FUN_80000007fe08	operator[]	Translator.h	130	3 assert site(s)
0x800000080040	FUN_800000080040	operator[]	Translator.h	130	3 assert site(s)
0x8000000801ec	FUN_8000000801ec	operator[]	Translator.h	130	3 assert site(s)
0x800000080424	FUN_800000080424	operator[]	Translator.h	130	3 assert site(s)
0x8000000805d0	FUN_8000000805d0	operator[]	Translator.h	130	1 assert site(s)
0x800000080740	FUN_800000080740	operator[]	Translator.h	130	1 assert site(s)
0x800000080950	FUN_800000080950	operator[]	Translator.h	130	1 assert site(s)
0x800000080ac0	FUN_800000080ac0	operator[]	Translator.h	130	1 assert site(s)
0x800000080c30	FUN_800000080c30	operator[]	Translator.h	130	1 assert site(s)
0x800000080da0	FUN_800000080da0	operator[]	Translator.h	130	1 assert site(s)
0x800000080ed8	FUN_800000080ed8	imm_info_for_high_index_mask	TranslatorBitTest.cpp	108	1 assert site(s)
0x800000080fe8	FUN_800000080fe8	fp_arith_vec	AssemblerBase.hpp	943	2 assert site(s)
0x8000000811e0	FUN_8000000811e0	operator[]	Translator.h	130	1 assert site(s)
0x800000081348	FUN_800000081348	operator[]	Translator.h	130	1 assert site(s)
0x800000081724	FUN_800000081724	operator[]	Translator.h	130	1 assert site(s)
0x800000081b00	FUN_800000081b00	operator[]	Translator.h	130	2 assert site(s)
0x800000081ca0	FUN_800000081ca0	translate_vector_or_mm_low	Translator.h	751	2 assert site(s)
0x800000081d10	FUN_800000081d10	translate_avx_low	Translator.h	735	2 assert site(s)
0x800000081d5c	FUN_800000081d5c	translate_movs	TranslatorSseMovesShuffles.cpp	660	4 assert site(s)
0x800000081fdc	FUN_800000081fdc	translate_shuffle_from_plan	TranslatorSseMovesShuffles.cpp	1275	1 assert site(s)
0x8000000822c8	FUN_8000000822c8	operator[]	Translator.h	130	1 assert site(s)
0x8000000823b4	FUN_8000000823b4	operator[]	Translator.h	130	1 assert site(s)
0x8000000824bc	FUN_8000000824bc	translate_vmaskmov	TranslatorSseMovesShuffles.cpp	1616	4 assert site(s)
0x8000000828b8	FUN_8000000828b8	operator[]	Translator.h	130	1 assert site(s)
0x800000082afc	FUN_800000082afc	operator[]	Translator.h	130	1 assert site(s)
0x800000082d18	FUN_800000082d18	generate_z_flag	TranslatorFlags.cpp	115	1 assert site(s)
0x800000082f34	FUN_800000082f34	gpr_to_num	Register.h	51	1 assert site(s)
0x800000082fc8	FUN_800000082fc8	gpr_to_num	Register.h	51	1 assert site(s)
0x80000008319c	FUN_80000008319c	translate_mul	Translator.h	452	10 assert site(s)
0x800000083ac0	FUN_800000083ac0	translate_cmpp	TranslatorSseFpComparisons.cpp	28	1 assert site(s)
0x800000085144	FUN_800000085144	translate_comis	TranslatorSseFpComparisons.cpp	734	1 assert site(s)
0x800000085460	FUN_800000085460	allocate_temporary_gpr_num	TranslatorHelpers.cpp	110	2 assert site(s)
0x8000000854c8	FUN_8000000854c8	set_xmm_state_internal	TranslatorHelpers.cpp	224	2 assert site(s)
0x800000085604	FUN_800000085604	allocate_temporary_fpr_num	TranslatorHelpers.cpp	165	2 assert site(s)
0x800000085704	FUN_800000085704	copy_xmm_state	TranslatorHelpers.cpp	289	2 assert site(s)
0x80000008593c	FUN_80000008593c	free_temporary_gpr	TranslatorHelpers.cpp	396	2 assert site(s)
0x80000008599c	FUN_80000008599c	operand_size_to_mem_size	Translator.h	562	8 assert site(s)
0x8000000860a8	FUN_8000000860a8	operand_size_to_data_size	Translator.h	553	6 assert site(s)
0x800000086a60	FUN_800000086a60	gpr_to_num	Register.h	51	5 assert site(s)
0x800000086edc	FUN_800000086edc	translate_gpr	Translator.h	567	4 assert site(s)
0x800000087154	FUN_800000087154	read_operand_vector	TranslatorHelpers.cpp	775	5 assert site(s)
0x800000087424	FUN_800000087424	translate_xmm	Translator.h	573	5 assert site(s)
0x8000000876f0	FUN_8000000876f0	operand_size_to_mem_size	Translator.h	562	3 assert site(s)
0x800000087a7c	FUN_800000087a7c	operand_size_to_mem_size	Translator.h	562	5 assert site(s)
0x800000087d58	FUN_800000087d58	translate_and_invalidate_vector_low	TranslatorHelpers.cpp	979	2 assert site(s)
0x800000087db0	FUN_800000087db0	read_and_invalidate_vector_dst	TranslatorHelpers.cpp	993	3 assert site(s)
0x800000087efc	FUN_800000087efc	translate_and_invalidate_xmm_or_mm_dst	TranslatorHelpers.cpp	1227	2 assert site(s)
0x8000000880f4	FUN_8000000880f4	translate_gpr	Translator.h	567	3 assert site(s)
0x8000000881b0	FUN_8000000881b0	translate_and_invalidate_xmm_dst	TranslatorHelpers.cpp	1213	6 assert site(s)
0x8000000884a8	FUN_8000000884a8	operator[]	Translator.h	130	2 assert site(s)
0x80000008864c	FUN_80000008864c	gpr_to_num	Register.h	51	5 assert site(s)
0x80000008888c	FUN_80000008888c	translate_gpr	Translator.h	567	2 assert site(s)
0x800000088994	FUN_800000088994	operand_size_to_mem_size	Translator.h	562	3 assert site(s)
0x80000008a8ac	FUN_80000008a8ac	entry_for_arm_offset	DeltaCodedOffsetMap.cpp	133	2 assert site(s)
0x80000008ac84	FUN_80000008ac84	allocate_free_entry	SlabAllocator.cpp	105	2 assert site(s)
0x80000008ae80	FUN_80000008ae80	find_x86_entry	OffsetPairArray.cpp	81	2 assert site(s)
0x80000008afb0	FUN_80000008afb0	find_free_space_internal	VMAllocationTracker.cpp	240	4 assert site(s)
0x80000008b114	FUN_80000008b114	refill_slab_allocator	VMAllocationTracker.cpp	659	4 assert site(s)
0x80000008b230	FUN_80000008b230	find_parent_for_insertion_no_duplicates	RedBlackTree.h	214	1 assert site(s)
0x80000008c844	FUN_80000008c844	cull_nodes_in_interval	VMAllocationTracker.cpp	563	3 assert site(s)
0x80000008cc7c	FUN_80000008cc7c	remove	VMAllocationTracker.cpp	509	3 assert site(s)
0x80000008ce48	FUN_80000008ce48	remove_shm_mapping_entry	VMAllocationTracker.cpp	670	2 assert site(s)
0x80000008ceec	FUN_80000008ceec	change_permissions	VMAllocationTracker.cpp	684	2 assert site(s)
0x80000008d0b4	FUN_80000008d0b4	parse_proc_maps_line	ProcMapsParser.cpp	42	5 assert site(s)
0x80000008d1e8	FUN_80000008d1e8	procmaps_info_for_address	ProcMapsParser.cpp	75	2 assert site(s)
0x80000008d3d0	FUN_80000008d3d0	register_to_string	Register.cpp	174	3 assert site(s)
0x80000008d500	FUN_80000008d500	read_int	Decoder.cpp	86	1 assert site(s)
0x80000008d8c0	FUN_80000008d8c0	decode_dependant_operand	Decoder.cpp	553	10 assert site(s)
0x80000008e060	FUN_80000008e060	decode_operand	Decoder.cpp	878	1 assert site(s)
0x80000008e6f4	FUN_80000008e6f4	decode_operand_mem_16	Decoder.cpp	1170	2 assert site(s)
0x80000008e7b8	FUN_80000008e7b8	decode_gpr	Decoder.cpp	992	2 assert site(s)
0x80000008e88c	FUN_80000008e88c	decode_operand_mem_16	Decoder.cpp	1170	2 assert site(s)
0x80000008ed8c	FUN_80000008ed8c	decode_xmm	Decoder.cpp	1002	3 assert site(s)
0x80000008f0fc	FUN_80000008f0fc	mov_segment	Segmentation.cpp	480	1 assert site(s)
0x8000000900a0	FUN_8000000900a0	map_elf	ElfMapper.cpp	399	4 assert site(s)
0x800000090a0c	FUN_800000090a0c	create_from_header	ImageInfo.cpp	71	2 assert site(s)
